Type,Filter,TRUTH.TOTAL,TRUTH.TP,TRUTH.FN,QUERY.TOTAL,QUERY.FP,QUERY.UNK,FP.gt,FP.al,METRIC.Recall,METRIC.Precision,METRIC.Frac_NA,METRIC.F1_Score,TRUTH.TOTAL.TiTv_ratio,QUERY.TOTAL.TiTv_ratio,TRUTH.TOTAL.het_hom_ratio,QUERY.TOTAL.het_hom_ratio
INDEL,ALL,2,0,2,337,2,335,0,0,0.0,0.0,0.994065,,,,,2.5543478260869565
INDEL,PASS,2,0,2,337,2,335,0,0,0.0,0.0,0.994065,,,,,2.5543478260869565
SNP,ALL,61,29,32,2329,11,2289,10,0,0.47541000000000005,0.725,0.982825,0.574257,2.210526315789474,1.6316384180790962,0.38636363636363635,2.493993993993994
SNP,PASS,61,29,32,2329,11,2289,10,0,0.47541000000000005,0.725,0.982825,0.574257,2.210526315789474,1.6316384180790962,0.38636363636363635,2.493993993993994
